{"cameraMode":{"drawMode":0,"name":"Shaded","section":"Shading Mode"},"sceneLighting":true,"audioPlay":false,"sceneViewState":{"m_AlwaysRefresh":false,"showFog":false,"showSkybox":false,"showFlares":false,"showImageEffects":true,"showParticleSystems":true,"showVisualEffectGraphs":true,"m_FxEnabled":true},"in2DMode":false,"pivot":{"x":296.2476806640625,"y":129.28012084960938,"z":5.2601165771484379},"rotation":{"x":-0.0722416564822197,"y":-0.011372449807822705,"z":0.0008241782197728753,"w":-0.9973213076591492},"size":91.66250610351563,"orthographic":false}