{"cameraMode":{"drawMode":0,"name":"Shaded","section":"Shading Mode"},"sceneLighting":true,"audioPlay":false,"sceneViewState":{"m_AlwaysRefresh":false,"showFog":false,"showSkybox":false,"showFlares":false,"showImageEffects":true,"showParticleSystems":true,"showVisualEffectGraphs":true,"m_FxEnabled":true},"in2DMode":false,"pivot":{"x":299.5060119628906,"y":162.898193359375,"z":-3.2759780883789064},"rotation":{"x":-0.2597925066947937,"y":0.003474040888249874,"z":-0.0009342118864879012,"w":-0.9656565189361572},"size":241.05764770507813,"orthographic":false}