{"cameraMode":{"drawMode":0,"name":"Shaded","section":"Shading Mode"},"sceneLighting":true,"audioPlay":false,"sceneViewState":{"m_AlwaysRefresh":false,"showFog":false,"showSkybox":false,"showFlares":false,"showImageEffects":true,"showParticleSystems":true,"showVisualEffectGraphs":true,"m_FxEnabled":true},"in2DMode":false,"pivot":{"x":412.70367431640627,"y":260.83905029296877,"z":49.21612548828125},"rotation":{"x":-0.2219071090221405,"y":0.01813266985118389,"z":-0.0041269902139902119,"w":-0.9748900532722473},"size":211.11590576171876,"orthographic":false}